{
  "company": {
    "name": "Овощи и фрукты",
    "slogan": "Свежесть природы — к вашему столу!",
    "description": "Магазин свежих овощей, фруктов и ягод в Коряжме. Работаем для вас каждый день!",
    "city": "Коряжма",
    "address": "Архангельская ул., 4 (гипермаркет)",
    "phone": "+7 (900) 123-45-67",
    "phoneClean": "+79001234567",
    "whatsapp": "79001234567",
    "email": "veggies.kor@mail.ru",
    "vk": "https://vk.com/veggies_fruit_kor",
    "workingHours": {
      "weekdays": "09:00 — 21:00",
      "weekends": "10:00 — 20:00"
    }
  },
  "hero": {
    "title": "Свежие овощи и фрукты в Коряжме",
    "subtitle": "Качественные продукты от проверенных поставщиков прямо к вашему столу. Широкий ассортимент, доступные цены, свежесть каждый день!",
    "buttonText": "Смотреть каталог"
  },
  "features": [
    {
      "icon": "🌿",
      "title": "Всегда свежее",
      "description": "Ежедневные поставки от проверенных фермеров и поставщиков"
    },
    {
      "icon": "💰",
      "title": "Доступные цены",
      "description": "Честные цены без накруток, регулярные акции и скидки"
    },
    {
      "icon": "🏪",
      "title": "Удобное расположение",
      "description": "Находимся в гипермаркете на Архангельской, 4"
    },
    {
      "icon": "✅",
      "title": "Проверенное качество",
      "description": "Только сертифицированная продукция с контролем качества"
    }
  ],
  "about": {
    "title": "О нашем магазине",
    "text": "Магазин «Овощи и фрукты» — это ваш надёжный поставщик свежей и качественной продукции в городе Коряжма. Мы работаем для того, чтобы на вашем столе всегда были самые вкусные и полезные овощи, фрукты, ягоды и орехи.",
    "text2": "Наша команда тщательно отбирает каждый товар, сотрудничает только с проверенными поставщиками и следит за свежестью продукции. Мы гордимся тем, что наши овощи и фрукты используют лучшие рестораны города, включая ресторан «Чайхана».",
    "years": "5+",
    "yearsText": "лет на рынке",
    "products": "100+",
    "productsText": "наименований товаров",
    "clients": "1000+",
    "clientsText": "довольных покупателей"
  },
  "restaurant": {
    "title": "Партнёр лучших заведений города",
    "text": "Наши свежие овощи и фрукты используют в ресторане «Чайхана» — одном из лучших заведений Коряжмы. Это говорит о высоком качестве нашей продукции!",
    "buttonText": "Посетить ресторан «Чайхана»",
    "link": "#"
  },
  "contacts": {
    "formTitle": "Напишите нам",
    "formText": "Есть вопросы? Оставьте заявку, и мы свяжемся с вами в ближайшее время!",
    "mapEmbed": "https://yandex.ru/map-widget/v1/?um=constructor%3Axxxxxx&amp;source=constructor"
  },
  "footer": {
    "copyright": "© 2024 Овощи и фрукты. Все права защищены.",
    "madeIn": "Сделано с ❤️ в Коряжме"
  },
  "seo": {
    "indexTitle": "Овощи и фрукты в Коряжме — свежие продукты каждый день | Архангельская ул., 4",
    "indexDescription": "Магазин свежих овощей, фруктов, ягод и орехов в Коряжме. Широкий ассортимент, доступные цены, ежедневные поставки. Архангельская ул., 4 (гипермаркет).",
    "catalogTitle": "Каталог свежих овощей и фруктов — Коряжма | Овощи и фрукты",
    "catalogDescription": "Полный каталог свежих овощей, фруктов, ягод, орехов и зелени в Коряжме. Выбирайте качественные продукты по доступным ценам.",
    "pricesTitle": "Цены на овощи и фрукты в Коряжме | Актуальный прайс-лист",
    "pricesDescription": "Актуальные цены на свежие овощи, фрукты, ягоды и орехи в Коряжме. Доступные цены, регулярные акции и скидки.",
    "aboutTitle": "О магазине Овощи и фрукты в Коряжме | Наша история",
    "aboutDescription": "Узнайте больше о магазине свежих овощей и фруктов в Коряжме. Более 5 лет работы, 100+ наименований товаров, довольные покупатели.",
    "contactsTitle": "Контакты магазина Овощи и фрукты | Коряжма, Архангельская ул., 4",
    "contactsDescription": "Контакты магазина Овощи и фрукты в Коряжме. Адрес: Архангельская ул., 4 (гипермаркет). Телефон, WhatsApp, время работы."
  }
}
